,,,,,,,,,,,,,,,,,,,,,,,,,,,,,,,,,,,,,,,,,,,,
Service/Circuit,Service Component ID,Type,A-End - City/State,A-End - Address,"""A"" -END -Router",Z-End - Address,"""Z""-END-Router",Notes,NX List,Present,,,,,,,,,,,,,,,,,,,,,,,,,,,,,,,,,,
442981119,339221759; 339221760; 339221761,WAVE,"Overland Park, KS",6100 Sprint Parkway -> 6220 Sprint Parkway ->6360 Sprint Parkway 4th floor,NXKSOPHEX01 - eth1/52,"650 131ST AVE SE, FL 1, RM 9999, BELLEVUE, WA, 98006-1395",NXWASEADX01 - eth1/52,PTP-100G Between Studio,NXWABELGX01,❌ MISSING,,,,,,,,,,,,,,,,,,,,,,,,,,,,,,,,,,
448911617,355765448; 355765480; 355765481,WAVE,"Bellevue, WA","Location Address3650 131ST AVE SE, FL 1, RM 1, BELLEVUE, WA, 98006",NXWASEADX01 - eth1/46,"13410 NE 16TH ST, FL 1, RM MPOE, BELLEVUE, WA, 98005",NXWASEADX01 - eth1/46 (per lldp),10G WA-> 5G-Uplink (Lldp to itself),NXWABELGX02,❌ MISSING,,,,,,,,,,,,,,,,,,,,,,,,,,,,,,,,,,
447550103,351599400; 351599405; 351599406,WAVE,"Frisco, TX","3560 DALLAS PKWY, FL 1, RM TELC, FRISCO, TX, 75034",NXTXFRSBX01 - eth1/46,"6100 SPRINT PKWY, FL 1, RM TELC, OVERLAND PARK, KS, 66211",NXKSOPHEX01 - eth1/46,10GIG TX-KS,NXWASEADW01,✅ PRESENT,,,,,,,,,,,,,,,,,,,,,,,,,,,,,,,,,,
441511950,334795237; 334795238; 334795239; 334795240,DIA,"Bellevue, WA","3650 131ST AVE SE, FL 2, RM MDF, BELLEVUE, WA, 98006",NXWASEADW01 - eth1/46,"2001 6TH AVE, RM B001, SEATTLE, WA, 98121",lag-32-3890-99.ear2.Seattle1.Level3.net,1G WA internet,NXWASEADW02,✅ PRESENT,,,,,,,,,,,,,,,,,,,,,,,,,,,,,,,,,,
444994235,345139736,HS IP,"Bellevue, WA","3650 131ST AVE SE, FL 1, RM 1, BELLEVUE, WA, 98006",NXWASEADW01 -eth1/47,"2001 6TH AVE, RM B001, SEATTLE, WA, 98121",xe-5-0-2.edge2.Seattle3.Level3.net,10G - Desc on inter needs updating w/ cir #,NXWASEADX01,✅ PRESENT,,,,,,,,,,,,,,,,,,,,,,,,,,,,,,,,,,
444994222,345139691; 345139692; 345139693; 345139694,WAVE,"Overland Park, KS","6100 SPRINT PKWY, FL 1, RM MMR, OVERLAND PARK, KS, 66211",NXKSOPHEW01 - eth1/47,"1212 E 19TH ST, FL 1, RM 100, KANSAS CITY, MO, 64108",Unknown,10G KS Internet,NXWASEADX02,✅ PRESENT,,,,,,,,,,,,,,,,,,,,,,,,,,,,,,,,,,
444972052,345071371; 345071372; 345071373; 345071374,WAVE,"Overland Park, KS","6100 SPRINT PKWY, FL 1, RM MMR, OVERLAND PARK, KS, 66211",NXKSOPHEW02 - eth1/47,"1212 E 19TH ST, FL 1, RM 100, KANSAS CITY, MO, 64108",Unknown,10G KS Internet,NXKSOPHEP01,❌ MISSING,,,,,,,,,,,,,,,,,,,,,,,,,,,,,,,,,,
444972117,345071573,HS IP,"Bellevue, WA","3650 131ST AVE SE, FL 1, RM 1, BELLEVUE, WA, 98006",NXWASEADW02 - eth1/47,"2001 6TH AVE, RM B001, SEATTLE, WA, 98121",xe-9-0-1.edge1.Seattle3.Level3.net,10G WA internet,NXKSOPHEP02,❌ MISSING,,,,,,,,,,,,,,,,,,,,,,,,,,,,,,,,,,
443807996,341680871; 341680872; 341680873; 341680874,DIA,"Bellevue, WA","3650 131ST AVE SE, FL 2, RM MDF, BELLEVUE, WA, 9800",NXWASEADW02 - eth1/46,"2001 6TH AVE, RM B001, SEATTLE, WA, 98121",Unknown,1G WA internet,nxksophew01,✅ PRESENT,,,,,,,,,,,,,,,,,,,,,,,,,,,,,,,,,,
447550116,351599447; 351599470;351599471 ,WAVE,"Bellevue, WA","3650 131ST AVE SE, FL 1, BELLEVUE, WA, 98006",NXWASEADX02 - eth1/46,"3560 DALLAS PKWY, FL 1, RM TELC, FRISCO, TX, 75034",NXTXFRSBX02 - eth1/46,100G WA-TX,nxksophew02,✅ PRESENT,,,,,,,,,,,,,,,,,,,,,,,,,,,,,,,,,,
442981120,339221762; 339221763; 339221764,WAVE,"Bellevue, WA","3650 131ST AVE SE, FL 1, RM 9999, BELLEVUE, WA, 98006",NXWASEADX02 - eth1/52,"6100 SPRINT PKWY, RM TELC, OVERLAND PARK, KS, 66211",NXKSOPHEX02 - eth1/52,100G WA-KS,NXKSOPHEW181,❌ MISSING,,,,,,,,,,,,,,,,,,,,,,,,,,,,,,,,,,
448911603,355765405; 355765409; 355765410; 355765411,WAVE,"Overland Park, KS","6100 SPRINT PKWY, FL 1, RM MMR, OVERLAND PARK, KS, 66211",NXKSOPHEX02 - eth1/46,"13410 NE 16TH ST, FL 1, RM MPOE, BELLEVUE, WA, 98005",NXKSOPHEX02 - eth1/46 (per lldp),10G KS-> 5GUplink? Lldp to itself,NXKSOPHEW191,❌ MISSING,,,,,,,,,,,,,,,,,,,,,,,,,,,,,,,,,,
444994224,345139697,HS IP,"Overland Park, KS","6100 SPRINT PKWY, FL 1, RM MMR, OVERLAND PARK, KS, 6621",,"1212 E 19TH ST, FL 1, RM 100, KANSAS CITY, MO, 64108",,10G KS->Internet,NXKSOPHEX01,✅ PRESENT,,,,,,,,,,,,,,,,,,,,,,,,,,,,,,,,,,
,,,,,,,,,NXKSOPHEX02,✅ PRESENT,,,,,,,,,,,,,,,,,,,,,,,,,,,,,,,,,,
,,,,,,,,,NXTXFRSBX01,✅ PRESENT,,,,,,,,,,,,,,,,,,,,,,,,,,,,,,,,,,
,,,,,,,,,NXTXFRSBX02,✅ PRESENT,,,,,,,,,,,,,,,,,,,,,,,,,,,,,,,,,,
,,,,,,,,,NX93180L01,❌ MISSING,,,,,,,,,,,,,,,,,,,,,,,,,,,,,,,,,,
,,,,,,,,,NX93180L02,❌ MISSING,,,,,,,,,,,,,,,,,,,,,,,,,,,,,,,,,,
,,,,,,,,,,,,,,,,,,,,,,,,,,,,,,,,,,,,,,,,,,,,
,,,,,,,,,,NOTES:,,,,,,,,,,,,,,,,,,,,,,,,,,,,,,,,,,
,,,,,,,,,,,,,,,,,,,,,,,,,,,,,,,,,,,,,,,,,,,,
,,,,,,,,,,BELGX01/01 not online yet,,,,,,,,,,,,,,,,,,,,,,,,,,,,,,,,,,
,,,,,,,,,,HEP01/02 WEBCAST,,,,,,,,,,,,,,,,,,,,,,,,,,,,,,,,,,
,,,,,,,,,,W181/191 WEBCAST,,,,,,,,,,,,,,,,,,,,,,,,,,,,,,,,,,
,,,,,,,,,,L01/02  Lab,,,,,,,,,,,,,,,,,,,,,,,,,,,,,,,,,,
